DayOfYear,O2Wink,NH4,SiO3,PO4,NO2.NO3,CTDTMP,CTDBEAM,CTDFLUOR,CTDOXY,CTDSAL,DayLength,DayDiff,SLA,cyanos,sar11,cyanos_PA,sar11_PA,MEI,SST,Chla,PP
261,5.991,0.022954869,1.500147,0.25,0.383954,19.4153,1.3471,0.474,3.58572,33.3435,733,-2,0.137943663,0.044203823,0.401607018,0.08868438,0.260353524,0.46,20.067142,3.260143,1214.684046
261,6.30848,0.056708587,1.412246,0.29,0.54,18.8272,1.2488,1.54,3.67745,33.3295,733,-2,0.137943663,0.040653156,0.374472672,0.090796804,0.241428117,0.46,20.067142,3.260143,1273.019798
295,5.408,0.02368819,0.541675,0.32,0.210764,19.385,0.757,0.117,0.94998,33.2744,663,-2,0.211188085,0.070861468,0.429691853,0.155102278,0.286196784,0.497,19.538927,0.44972724,681.49756
295,5.8394,0.06198244,2.257727,0.59,3.51,19.385,0.757,0.117,0.94998,33.2744,663,-2,0.211188085,0.060805269,0.381622214,0.132571601,0.245217237,0.497,19.538927,0.44972724,681.49756
350,5.585503293,0.088204265,0.510379,0.281,0.353748,15.5879,0.7639,0.379,4.17616,33.2608,597,0,0.179448836,0.055864378,0.352947915,0.111437758,0.278595003,0.362,15.84111,0.47333336,936.5707
350,5.45365184,0.147709528,1.943084,0.54,2.76,14.6674,0.7681,1.17,3.82551,33.1627,597,0,0.179448836,0.044409272,0.327383324,0.101296241,0.263717601,0.362,15.84111,0.47333336,936.5707
50,6.069,0.074239836,2.583,0.448,3.490374,13.2032,1.0802,0.878,3.89914,33.1495,664,2,0.105899228,0.020302673,0.319257108,0.060142839,0.210252017,0.37,14.375417,0.8176428,1037.9794
50,5.963450667,0.073841032,2.61399688,0.550172541,3.594292057,13.2032,1.0802,0.878,3.89914,33.1495,664,2,0.105899228,0.01940962,0.325702282,0.060036158,0.217081757,0.37,14.375417,0.8176428,1037.9794
77,6.088,0.03543445,0.385,0.3,0.685821,15.302,0.7533,0.267,4.24875,33.1481,719,2,0.122379223,0.049591736,0.382177923,0.111395037,0.247525952,-0.036,15.249001,0.4204285,778.5743
77,6.0415,0.02588264,1.74006162,0.299153,2.004611,14.416,0.7428,0.914,4.25007,33.1352,719,2,0.122379223,0.043560849,0.363366098,0.099588269,0.25752091,-0.036,15.249001,0.4204285,778.5743
113,6.241,0.066576525,0.181,0.27,0.679343,15.0519,0.7097,0.235,4.26989,33.1716,794,2,0.007019257,0.01688496,0.337803116,0.059267851,0.26156089,0.358,16.394373,0.967,2271.5806
113,6.4185,0.088761679,2.81791709,1.241488,1.435431,14.731,0.7654,0.635,4.37772,33.1073,794,2,0.007019257,0.018198554,0.284324199,0.052378952,0.194096681,0.358,16.394373,0.967,2271.5806
140,5.7837,0.026438134,0.328,0.167,0.780289,16.870566,0.728691,0.321269,4.7527008,33.396879,839,2,0.117191076,0.043429065,0.401980295,0.091701533,0.251928217,0.558,18.116665,0.90999997,1665.7451
140,5.9582,0.102457161,2.86005393,0.75,14.78317,13.534708,0.788285,1.591196,4.969106,33.327851,839,2,0.117191076,0.01860188,0.26272049,0.058839374,0.180074381,0.558,18.116665,0.90999997,1665.7451
266,5.47,0.033945951,0.338,0.25,0.402,20.4025,0.6396,0.0932,4.8785,33.4046,722,-2,0.188604388,0.062293964,0.446327774,0.133981085,0.289351118,0.558,22.265938,0.2606,734.00037
266,5.743,0.201228749,2.64697002,0.652,6.3196,13.3517,1.0675,7.13,5.23246,33.1927,722,-2,0.188604388,0.040307777,0.282980321,0.106664447,0.176000523,0.558,22.265938,0.2606,734.00037
288,5.964,0.020345691,1.28,0.198,0.46,17.8865,0.6458,0.395,3.83,33.7567,677,-2,0.122989593,0.089140691,0.437517824,0.158828157,0.318984656,0.492,19.373571,0.24182354,747.1909
288,4.973,0.048411345,2.28845616,0.2688,0.9403,13.4798,0.7695,1.33,4.33913,36.7949,677,-2,0.122989593,0.101618107,0.333243834,0.16779748,0.213432193,0.492,19.373571,0.24182354,747.1909
322,5.677,0.07146043,0.035,0.045,0.36,17.3502,0.6656,0.137,5.26412,33.2387,619,-1,0.165105136,0.077041367,0.4106815,0.148939228,0.300426734,0.794,17.497631,0.24116664,604.1374
322,6.121428,0.096847109,2.34118724,1.079,12.9314,15.0675,0.7169,1.07,5.50799,33.1447,619,-1,0.165105136,0.043266568,0.295728449,0.10072484,0.209211685,0.794,17.497631,0.24116664,604.1374
350,4.822,0.110740267,2.679,0.41,0.169,15.7038,0.682,0.121,5.30129,33.2193,597,0,0.157475509,0.069283388,0.307612701,0.125450825,0.226330001,0.684,15.9789295,0.3332222,1170.1124
350,5.04,0.172394506,2.10998257,0.4439,2.7614,15.2822,0.7014,0.596,5.67731,33.2188,597,0,0.157475509,0.042891583,0.292208538,0.100797635,0.220166239,0.684,15.9789295,0.3332222,1170.1124
19,6.275666667,0.188443166,2.679,0.41,0.392,15.2677,1.1544,1.21,6.06309,32.88,614,1,0.172734763,0.013087608,0.134736786,0.045746814,0.116968307,0.325,15.555,1.544,988.4435142
19,5.783060453,0.184152956,2.77707639,0.663298429,4.166766367,15.2677,1.1544,1.21,6.06309,32.88,614,1,0.172734763,0.016463789,0.242275636,0.058675711,0.167713716,0.325,15.555,1.544,988.4435142
47,6.017333333,0.045966161,0.65,0.42,0.462,15.3904,0.8856,0.458,5.66269,32.9419,658,2,0.152897732,0.031013323,0.383211105,0.080143039,0.204507776,0.816,15.592857,0.34541667,817.8528201
47,5.937971947,0.04386397,1.23945041,0.361903964,0.757624152,15.3904,0.8856,0.458,5.66269,32.9419,658,2,0.152897732,0.045304766,0.384399052,0.098348247,0.2431104,0.816,15.592857,0.34541667,817.8528201
110,7.327,0.159270259,0.12,0.2,0.588,14.635,0.6492,0.136,6.68147,33.4424,788,2,0.076296274,0.000117613,0.048279914,0.004607118,0.034811124,0.626,15.058846,7.690791,2800.652039
110,6.155187667,0.173405541,2.67336414,1.244,11.306,11.6393,0.679,1.33,4.39569,33.4424,788,2,0.076296274,0,0.072906516,0.000833623,0.048290362,0.626,15.058846,7.690791,2800.652039
131,6.351,0.07192129,2.73,0.165,0.975,14.730889,0.825562,0.86455,4.6914556,33.369332,826,2,0.084841456,0.018549995,0.310736974,0.055246134,0.190586879,0.885,17.331072,1.8909999,1490.413209
131,4.0354,0.143251059,4.00967811,1.2276,14.4048,13.239518,0.97975,2.817643,3.5467939,33.476902,826,2,0.084841456,0.012959978,0.227561771,0.057278148,0.132380188,0.885,17.331072,1.8909999,1490.413209
165,5.724,0.02559124,0.71,0.23,0.978,19.6683,0.6674,0.33,5.65013,33.487,860,0,0.021362957,0.028958678,0.511933885,0.162123671,0.206792941,0.589,18.694334,0.5954286,1838.488941
165,5.9003,0.059252158,2.46483282,0.624,4.1376,12.7499,0.6984,1.87,5.3986,33.2345,860,0,0.021362957,0.013175439,0.372789449,0.081881609,0.172300225,0.589,18.694334,0.5954286,1838.488941
200,5.664883933,0.03575271,0.84,0.36,0.726,18.2777,0.4927,0.0642,5.33909,33.3543,844,-2,0.122989593,0.063676447,0.406764809,0.229200055,0.28604875,0.519,19.456924,0.35766667,2153.567473
200,5.591651513,0.062511916,2.09988132,0.592,4.8358,13.1828,0.5281,0.757,5.17651,33.2727,844,-2,0.122989593,0.029481574,0.30718301,0.153668483,0.180585799,0.519,19.456924,0.35766667,2153.567473
229,5.6296,0.03831254,1.70902697,0.553716,4.319612,14.3463,0.468,0.576,5.5537,33.2654,799,-1,0.137943663,0.040464979,0.355208946,0.100812305,0.310798223,0.343,20.601562,0.23379998,1254.283689
258,6.207,0.12587456,0.77,0.23,0.32,18.0319,0.6383,0.249,6.20281,33.372,739,-2,0.140079958,0.03197906,0.269375213,0.140345749,0.198441887,0.296,20.205,0.3666522,1749.482494
258,5.529,0.103013168,2.37554949,0.657994,5.291272,14.3719,0.657,0.849,5.69415,33.2722,739,-2,0.140079958,0.012938426,0.255650819,0.079253234,0.202687088,0.296,20.205,0.3666522,1749.482494
293,5.544,0.035839942,0.44,0.13,0.23,18.8845,0.5894,0.182,5.24442,33.259,667,-2,0.163274026,0.072181303,0.425609065,0.200627534,0.245814605,-0.179,19.304998,0.52442104,1020.82064
293,6.0476,0.074849712,1.42152639,0.359189,0.633754,14.1527,0.6715,1.64,5.36834,33.2372,667,-2,0.163274026,0.012343221,0.498506868,0.081740703,0.293960301,-0.179,19.304998,0.52442104,1020.82064
321,5.3821027,0.033680785,1.66000895,0.231004037,0.350496002,16.890671,0.591851,0.33245,5.2006195,33.583194,620,-1,0.130314035,0.044654546,0.502545454,0.181293676,0.189630487,-0.385,17.786669,0.4355,1021.530779
321,5.71175944,0.03359119,1.06184936,0.276965321,0.426392509,15.986511,0.616186,0.457841,5.2786909,33.333293,620,-1,0.130314035,0.054611863,0.418375029,0.127094329,0.253634027,-0.385,17.786669,0.4355,1021.530779
18,5.921,0.034149543,2.08,0.534977564,3.203375543,14.3806,0.6531,0.742,5.74957,33.3832,613,1,0.102237007,0.074711961,0.43995724,0.093709673,0.252475395,-0.428,14.619615,1.194174,1682.673602
18,5.67,0.031986304,2.17309361,0.512594,2.137134,14.2499,0.6218,1.25,5.65678,33.3823,613,1,0.102237007,0.058241271,0.458948293,0.07933723,0.27892934,-0.428,14.619615,1.194174,1682.673602
53,5.971,0.029052817,1.46630152,0.283498812,0.597629069,14.8251,0.5631,0.176,5.38252,33.3813,670,2,0.094912564,0.073252515,0.424555068,0.091182903,0.308676807,-0.414,15.44923,15.57156,1131.455673
53,4.5262,0.102374867,2.94075493,0.529303302,3.364116168,13.6358,0.5745,0.998,4.95241,33.3178,670,2,0.094912564,0.01815151,0.380811262,0.058008323,0.233281065,-0.414,15.44923,15.57156,1131.455673
88,5.693870513,0.155245439,2.59275498,0.743987299,7.088062743,12.7656675,0.880584667,2.536482,5.2021095,33.458096,743,3,0.075380718,0,0.132372805,0.007594668,0.066498909,-0.521,13.795001,5.849134,2913.615776
88,5.560217013,0.152942413,2.44708498,0.714704587,7.092126621,13.0799805,0.869527667,2.598533,5.1622036,33.463789,743,3,0.075380718,0,0.169481155,0.006375743,0.120506865,-0.521,13.795001,5.849134,2913.615776
109,6.892,0.161413753,2.41615414,0.709240131,5.35434453,13.8441,0.8778,0.726,6.56884,33.436,786,2,0.067445906,0.001589488,0.182367278,0.023388761,0.158712061,-0.571,15.323334,5.57325,2081.736594
109,6.8661,0.174145809,2.5302466,0.828470008,5.862949597,13.7512,1.0064,2.33,6.59974,33.44,786,2,0.067445906,0.001734355,0.151900564,0.020752144,0.152691845,-0.571,15.323334,5.57325,2081.736594
206,3.992,0.128844407,2.4901059,0.291800581,2.385993102,22.9687,0.5783,0.173,3.26401,33.4908,837,-1,0.225531785,0.036549086,0.409902253,0.100768061,0.162145634,0.716,21.79125,0.40091667,1072.960798
206,4.560379,0.077300709,2.14531906,0.240012248,1.523985731,22.9687,0.5783,0.173,3.26401,33.4908,837,-1,0.225531785,0.019165197,0.371310993,0.12032039,0.236713293,0.716,21.79125,0.40091667,1072.960798
236,4.783516,0.00582251,1.50481319,0.195583473,0.054487999,20.160671,0.237156,0.093328,5.1868933,33.561338,785,-2,0.159001434,0.077976817,0.524379678,0.141094566,0.332389597,0.748,22.536499,0.2002609,691.0609234
236,5.475852827,0.068798203,1.11929164,0.249965421,0.491832414,16.711076,0.328881,0.43821,5.3707139,33.373534,785,-2,0.159001434,0.007750969,0.549068633,0.073700338,0.31388309,0.748,22.536499,0.2002609,691.0609234
256,4.971390613,0.00713231,1.34690847,0.197441171,0.09292247,19.544486,0.240663,0.081078,5.2474953,33.500401,744,-2,0.180364391,0.084330643,0.470915669,0.145904827,0.353322482,0.8,20.865835,0.24863158,718.7817272
256,5.196057427,0.00606039,1.08622721,0.20436352,0.080381778,19.231878,0.245138,0.09057,5.2793789,33.443945,744,-2,0.180364391,0.07995365,0.391367323,0.152181075,0.341702033,0.8,20.865835,0.24863158,718.7817272
79,5.891,0.075469002,3.3,0.15,0.2025,11.9165,0.6632,1.04,4.3109,33.5408,723,2,0.038148137,0.009334306,0.305811011,0.047069779,0.198005467,-1.552,14.908947,2.2621152,3233.764603
79,5.18475,0.126068107,2.07407379,0.14,0.152,13.2881,0.9782,2.93,5.44951,33.5176,723,2,0.038148137,0.001834582,0.368750987,0.035353436,0.194166324,-1.552,14.908947,2.2621152,3233.764603
135,5.092,0.108307105,1.87299379,0.125,0.583779,17.0589,0.8852,0.225,4.78366,33.6439,832,2,0.071108127,0.005032564,0.398904677,0.062409138,0.237568126,-0.345,17.510296,0.78360003,1955.512233
135,3.5096,0.102494901,3.37886,0.21,0.375964,16.0582,1.0285,0.958,4.85123,33.7108,832,2,0.071108127,0.001215375,0.266673419,0.087893099,0.11071094,-0.345,17.510296,0.78360003,1955.512233
170,4.926549613,0.086604582,1.9,0.08,0.121224,18.9635,0.7725,0.127,4.95523,33.6621,861,0,0.081789605,0.015569395,0.421930605,0.063846353,0.224105599,0.142,19.241581,0.47157145,1197.530887
170,3.965349413,0.110756413,3.77668309,0.5985,5.262629,12.1524,0.9601,2.88,4.45133,33.6794,861,0,0.081789605,0.012105179,0.229597548,0.105755421,0.100676078,0.142,19.241581,0.47157145,1197.530887
191,4.56840638,0.079546988,3.5,0.07,0.114014,18.7851,0.7593,0.342,4.96542,33.5947,853,-1,0.133365886,0.121982065,0.407105082,0.189075452,0.189677385,0.088,20.67647,0.29293334,976.7630746
191,5.06618662,0.085722467,2.52181253,0.32,4.865939,14.9483,0.8003,0.928,5.33088,33.5364,853,-1,0.133365886,0.023438416,0.296847533,0.12596575,0.142851101,0.088,20.67647,0.29293334,976.7630746
233,4.492,0.110849677,2.9,0.12,0.771204,19.410693,0.505617,0.340416,4.6881898,33.561021,791,-2,0.173650319,0.08067199,0.428642716,0.112597316,0.316776776,-0.269,21.731499,0.22957894,852.7376961
233,5.242,0.197977581,2.3866221,0.27,2.838149,14.239195,0.428736,1.386425,5.6571644,33.801028,791,-2,0.173650319,0.073390075,0.27866439,0.170587444,0.131781172,-0.269,21.731499,0.22957894,852.7376961
266,4.182,0.03347661,2,0.59,14.41,20.5978,0.681,0.141,3.70799,33.5461,722,-2,0.150456252,0.086066049,0.379652643,0.15413144,0.25137286,-0.58,21.079062,0.20831251,778.2565855
266,4.7845,0.094442039,2.50507375,0.13,0.311829,13.7958,0.7976,1.53,3.98596,33.3674,722,-2,0.150456252,0.055369298,0.339225846,0.128949596,0.168924404,-0.58,21.079062,0.20831251,778.2565855
294,4.142,0.070212268,1.5,0.12,0.447224,18.868917,0.610075,0.334413,4.2646841,33.761349,665,-2,0.133671071,0.139377395,0.418049182,0.199522763,0.321797828,-0.699,19.368055,0.24049997,695.5120679
294,4.8063735,0.052068494,2.389607,0.17,1.572,16.82893,0.692523,0.459822,4.4179996,33.937968,665,-2,0.133671071,0.260826708,0.363668963,0.189806559,0.185117848,-0.699,19.368055,0.24049997,695.5120679
325,4.984339393,0.041933169,2.29220088,0.3,0.167359,15.70558,0.606322,0.521871,5.1945148,33.576261,615,-1,0.124210333,0.078682045,0.37873467,0.219462227,0.19368808,-0.588,17.494284,0.38999996,689.4313186
325,4.681599507,0.132787439,2.66029582,0.12,0.692224,16.04906,0.740473,0.572158,4.4382409,33.45644,615,-1,0.124210333,0.063110919,0.317307762,0.152611855,0.155002149,-0.588,17.494284,0.38999996,689.4313186
346,5.117540007,0.071644648,2.00973578,0.476285787,3.087072119,14.667512,0.585176,0.915335,5.3935265,33.519094,598,0,0.167851802,0.068019251,0.355756802,0.255708825,0.212824203,-0.646,15.2527275,0.4190667,1143.201315
346,5.09946826,0.150782628,2.53580494,1.395,2.675701,14.33571,0.647378,1.50252,5.2490238,33.406375,598,0,0.167851802,0.064440921,0.354751474,0.058764448,0.189968928,-0.646,15.2527275,0.4190667,1143.201315
49.55,5.436524413,0.060051863,2.49718504,0.433912613,2.013500175,13.892726,0.862739,1.147483,4.9256039,33.366081,626,1,0.091860713,0.018927373,0.328993609,0.059106286,0.209081545,-0.714,15.15423,1.2097142,1799.540439
49.55,5.436524413,0.060051863,2.49718504,0.433912613,2.013500175,13.892726,0.862739,1.147483,4.9256039,33.366081,626,1,0.091860713,0.018927373,0.328993609,0.059106286,0.209081545,-0.714,15.15423,1.2097142,1799.540439
70,3.632,0.091886946,2.3,0.163,2.715,14.1606,0.909,0.515,3.68959,33.3549,704,2,0.109256264,0.018705173,0.298974861,0.0338329,0.154401867,-0.705,14.662002,1.93835,2251.050362
70,3.7974,0.101131213,3.01068084,0.263666,1.175964,13.5198,0.9591,2.27,3.62423,33.3459,704,2,0.109256264,0.015857395,0.292903275,0.045472133,0.215644395,-0.705,14.662002,1.93835,2251.050362
113,4.102,0.089906423,4.8,0.18,1.167624,14.9794,0.9725,1.05,3.44939,33.2816,794,2,0.04730369,0.019110724,0.265632942,0.070565111,0.114201474,-0.106,15.735715,1.7548667,1847.073547
113,3.6984,0.126667765,3.9224533,1.45,28.880259,13.2085,1.1886,5.79,3.35288,34.8117,794,2,0.04730369,0.000683029,0.217021123,0.006057886,0.127739137,-0.106,15.735715,1.7548667,1847.073547
133,3.792,0.051852392,3.5,0.105,0.035,16.7594,0.7285,0.112,3.52708,33.4551,829,2,0.062257759,0.029648824,0.353794864,0.097139163,0.183415543,0.326,17.694,0.7515384,1266.832558
133,2.7721,0.134074395,3.88945063,0.68,9.741519,12.1046,0.9475,2.55,3.04925,33.4757,829,2,0.062257759,0.0100632,0.190422964,0.060019523,0.075833217,0.326,17.694,0.7515384,1266.832558
169,3.652,0.064906299,2.7,0.15,2.727425,18.9403,0.7156,0.0954,3.46418,33.5344,861,0,0.123294778,0.105273686,0.467228472,0.133973499,0.213342769,0.751,18.917273,0.27071428,1289.291801
169,3.44422,0.09968996,3.49248336,0.33,6.990665,12.4254,0.8188,1.72,3.17063,33.4315,861,0,0.123294778,0.049887275,0.245505489,0.104700772,0.144460927,0.751,18.917273,0.27071428,1289.291801
190,4.092,0.113194606,3,0.205,1.596229,19.0083,0.8564,0.206,3.77191,33.5455,854,-1,0.108340709,0.009605876,0.417996878,0.072871048,0.202373594,1.06,20.264442,1.4796667,1263.031627
190,4.3264,0.16556503,3.38484576,0.32,0.610729,15.226,0.8823,1.36,3.52602,33.4665,854,-1,0.108340709,0.008401528,0.278668849,0.062872472,0.153462749,1.06,20.264442,1.4796667,1263.031627
267,3.812,0.046955462,1.4,0.0355,0.003,20.552844,0.508617,0.139211,4.722785,33.541113,720,-2,0.185247352,0.077654119,0.430790842,0.136576025,0.28184267,0.707,21.873125,0.3765,624.3298527
267,3.7345,0.122449673,2.35738723,0.212,0.608,16.923923,0.619694,0.492977,4.4513535,33.522552,720,-2,0.185247352,0.021066469,0.432552029,0.008563355,0.00208375,0.707,21.873125,0.3765,624.3298527
316,5.603095947,0.01332159,0.98841591,0.260617041,0.361681923,16.462946,0.477163,0.403227,5.4401303,33.40299,627,-2,0.133671071,0.067389729,0.426502748,0.150382633,0.323129596,1.107,17.659374,0.23827778,644.0861123
316,5.603095947,0.01332159,0.98841591,0.260617041,0.361681923,16.462946,0.477163,0.403227,5.4401303,33.40299,627,-2,0.133671071,0.067389729,0.426502748,0.150382633,0.323129596,1.107,17.659374,0.23827778,644.0861123
28,4.94417484,0.135916372,4.2,0.699929051,4.48668961,13.595715,0.637013,1.638248,5.1362964,33.288486,626,1,0.183721427,0.013481905,0.303229165,0.060112951,0.225136403,1.066,15.195,1.0889091,1045.849086
28,5.807276173,0.063267618,2.30659907,0.502422981,2.906647855,14.349037,0.556933,1.23683,5.5176393,33.227374,626,1,0.183721427,0.023527039,0.361031524,0.078197165,0.359213251,1.066,15.195,1.0889091,1045.849086
42,5.35973136,0.142195572,2.9,0,0.891937,14.372794,0.56706,0.999764,5.52502,33.399811,649,2,0.147709586,0.00858873,0.355289163,0.042511907,0.395837008,1.526,15.534444,0.5305882,865.2479851
42,5.81769956,0.07643195,1.9916283,0.31,0.969704,15.044212,0.572753,0.906266,5.5021624,33.252856,649,2,0.147709586,0.014460304,0.418975651,0.069804822,0.434213548,1.526,15.534444,0.5305882,865.2479851
83,5.77057288,0.102875392,0.4,0,0.440642,14.763872,0.701406,0.892034,5.2631206,33.396487,732,2,0.065004425,0.002749211,0.35648101,0.019272401,0.231480014,1.462,15.174643,1.4426665,1535.303018
83,5.974575447,0.067585887,1.52294811,0.167872283,0.990747408,14.621469,0.678572,0.977171,5.3722886,33.398667,732,2,0.065004425,0.002183978,0.347864015,0.016855538,0.256880297,1.462,15.174643,1.4426665,1535.303018
137,5.72099816,0.056767773,0.4,0.17,0.359754,15.1788,0.6741,0.56,5.29263,33.4406,835,2,0.059511093,0.021842861,0.232902087,0.062906343,0.330229017,0.658,15.747648,0.7746316,2282.431158
137,5.753717847,0.056447675,1.41928694,0.175,0.882389,14.8397,0.6882,0.87,5.3509,33.4373,835,2,0.059511093,0.006802721,0.393328416,0.032017946,0.298766187,0.658,15.747648,0.7746316,2282.431158
202,5.0922097,0.128553023,2.3,0.16,0.1965,17.442,0.6991,0.241,5.15505,33.4984,842,-1,0.094912564,0.003015233,0.235109815,0.02692342,0.191940804,-1.103,18.617271,0.395,1449.193985
202,5.094124067,0.152393202,2.38711,0.225,0.213,17.442,0.6991,0.241,5.15505,33.4984,842,-1,0.094912564,0.00362037,0.179313036,0.017209691,0.121219716,-1.103,18.617271,0.395,1449.193985
223,5.1211256,0.015384042,1.6,0.125,0.1495,18.5952,0.7343,0.201,4.7534,33.4843,810,-1,0.099795526,0.036851008,0.499418445,0.103022881,0.287345041,-1.671,19.086248,0.5069047,1496.761852
223,5.269770813,0.086943716,2.53942059,0.44,7.546,13.5166,0.8367,1.15,4.34888,33.3819,810,-1,0.099795526,0.03277773,0.302689212,0.103454186,0.195542539,-1.671,19.086248,0.5069047,1496.761852
294,5.0320317,0.082437328,1.1,0.145,0.3395,18.4018,0.6491,0.368,3.69224,33.4904,665,-2,0.092165899,0.05727232,0.433293711,0.047594678,0.492937564,-1.892,19.437271,0.26333335,1250.178372
294,4.818250733,0.121685159,2.10471529,0.225,1.217,16.4901,0.6001,1.01,3.57321,33.491,665,-2,0.092165899,0.021734681,0.396709097,0.022066199,0.533718804,-1.892,19.437271,0.26333335,1250.178372
327,4.68018634,0.095580888,3.4,0.11,0.25,15.9287,0.8054,0.558,3.88485,33.4189,613,-1,0.13061922,0.023851973,0.28665735,0.079354839,0.259784946,-1.477,16.961334,0.34091663,3170.084559
327,4.750225313,0.160069984,2.95508315,0.21,1.508,13.7583,0.6785,1.16,3.39112,33.3031,613,-1,0.13061922,0.007844162,0.230945222,0.031497309,0.210509655,-1.477,16.961334,0.34091663,3170.084559
350,5.007155247,0.110908138,0.9,0.16,0.173,14.895,0.8212,0.432,3.79998,33.3987,597,0,0.091555528,0.028240671,0.288489911,0.087758524,0.35371716,-1.558,14.545001,0.47399998,2108.810714
350,5.205789447,0.12236303,1.46657796,0.3,0.146,14.5405,0.7773,1.63,3.87556,33.3974,597,0,0.091555528,0.017507173,0.291494425,0.095700824,0.297408716,-1.558,14.545001,0.47399998,2108.810714
11,5.001434967,0.042,6.5,0.786666,2.447332,12.7256,1.4161,4.45,4.40347,33.2197,606,1,0.082399976,0.00603969,0.181430349,0.078857742,0.132564841,-1.719,14.643,20.38953,1805.285702
11,4.799841167,0.021,4.97876084,0.879416,1.404104,12.7256,1.4161,4.45,4.40347,33.2197,606,1,0.082399976,0.005840605,0.22126388,0.07501206,0.112156295,-1.719,14.643,20.38953,1805.285702
74,5.426368833,0,0.5,0.14742,0,13.1843,1.3389,3.55,4.87661,33.5129,713,2,0.032654805,0.000784806,0.112855126,0.003218021,0.055041566,-1.554,14.0254545,4.9513326,3381.246591
74,4.877079967,0.362,2.79981,0.143192,0.113859,11.4214,1.0265,3.71,3.64399,33.5493,713,2,0.032654805,0.000394107,0.125144003,0.002489019,0.083894583,-1.554,14.0254545,4.9513326,3381.246591
119,4.711313367,0,2.6,0.189936,0,16.3206,0.9369,0.228,3.50632,33.4063,805,2,0.058900723,0.040128308,0.342537323,0.127586588,0.14352108,-1.387,16.130938,0.538,1805.983741
119,4.703059767,0,2.95543231,0.201932518,0,16.1,0.9205,0.956,3.51171,33.3995,805,2,0.058900723,0.06215114,0.322107201,0.15311436,0.138794312,-1.387,16.130938,0.538,1805.983741
144,4.3850276,0.07838774,4.28602225,0.600936754,3.940575626,15.9342,1.1751,0.499,3.75533,33.4291,844,1,0.079042939,0.016805267,0.251905762,0.094772344,0.087858347,-0.199,17.22,0.4655,2673.159048
144,4.66302078,0.04641827,5.6,0.297368,0,15.9342,1.1751,0.499,3.75533,33.4291,844,1,0.079042939,0.04194893,0.274934917,0.120481928,0.201188315,-0.199,17.22,0.4655,2673.159048
173,4.99609268,0,1.2,0.16960958,0,18.4651,0.842,0.502,3.67913,33.545,861,0,0.099795526,0.01606733,0.322723781,0.080273802,0.210744659,-0.003,17.72577,0.40385717,2121.130361
173,4.0518136,0.05,3.91313414,0.5195486,3.225806451,13.6098,1.3144,3.72,3.27074,33.4572,861,0,0.099795526,0.013405464,0.206423735,0.045268053,0.104212254,-0.003,17.72577,0.40385717,2121.130361
201,5.0790398,0.044392405,1.36602822,0.146,0.0017,18.497006,0.39492,0.187516,5.2755487,33.560962,843,-1,0.114139225,0.015329979,0.460372847,0.073702537,0.297960537,-0.193,19.76861,0.26993334,1201.376182
229,5.046757733,0,0.3,0.1947064,0,18.535,0.767,0.191,3.60282,33.5773,799,-1,0.180974761,0.017854288,0.512124913,0.09777939,0.28077136,-0.517,19.777943,0.29590473,1181.360921
333,5.269726213,0,1.20002814,0.238,0.0702,15.9854,0.7274,0.286,5.13928,33.3709,606,-1,0.11383404,0.058443823,0.42742499,0.102551095,0.28224797,-0.938,16.986876,1.0576428,887.4078322
333,5.48779764,0,1.69475836,0.446,4.725,14.2833,0.7254,0.642,4.60078,33.2856,606,-1,0.11383404,0.028147177,0.382133707,0.089623529,0.261776092,-0.938,16.986876,1.0576428,887.4078322
26,5.390190527,0.130591719,1.35,0.25248328,0.242618,14.5337,1.0895,1.17,6.20064,33.3258,623,1,0.104678487,0.0072602,0.228297703,0.024503419,0.242062846,-0.98,15.164166,0.22915001,959.0958478
26,5.389215027,0.17408917,1.97443239,0.28,0.439,14.3456,1.0887,1.55,6.27098,33.328,623,1,0.104678487,0.00953768,0.260804011,0.029858745,0.271331777,-0.98,15.164166,0.22915001,959.0958478
47,5.256227233,0,3.25,0.31786104,0.63166644,14.4827,0.8835,0.414,5.79092,33.4017,658,2,0.08087405,0.044408994,0.350040808,0.089786606,0.245873037,-0.675,15.244091,0.35817647,1027.90338
47,5.473502167,0,2.20312333,0.338683064,0.738240002,14.3756,0.8826,1.1,5.81466,33.3996,658,2,0.08087405,0.033040936,0.40245615,0.1063476,0.236336032,-0.675,15.244091,0.35817647,1027.90338
172,4.9470678,0.030644,1.76018151,0.27025558,0,16.7884,0.2228,0.0976,5.54506,33.5546,861,0,0.181890316,0.082559493,0.354201339,0.129909012,0.289434835,0.842,18.600769,0.28031254,1408.587599
172,5.04102996,0.108452,2.37889937,0.443,2.255,13.5218,0.2163,2.1376,5.91814,33.5256,861,0,0.181890316,0.044002037,0.289094117,0.096577042,0.200238539,0.842,18.600769,0.28031254,1408.587599
191,4.86996848,0,1.77804881,0.235,0.008,18.0948,0.1195,0.0426,5.40764,33.5699,853,-1,0.114139225,0.136931188,0.326373474,0.132177552,0.266321547,1.126,19.510883,0.2478125,1188.674925
228,4.746656,0.0109804,1.56113497,0.21377622,0,20.8995,0.1543,0.0038,5.1333,33.5806,800,-2,0.167851802,0.114691433,0.406954674,0.151817021,0.324347991,0.607,21.741003,0.20149998,687.3939059
228,5.264552227,0.06743186,1.85758933,0.288362652,0.07164353,13.8208,0.1908,1.4873,5.89026,33.2982,800,-2,0.167851802,0.138450084,0.210670046,0.131501983,0.212448936,0.607,21.741003,0.20149998,687.3939059
273,4.761788,0.018007,1.57913969,0.21695436,0.24212628,20.3584,0.1282,0.0194,5.18551,33.5388,710,-2,0.227362895,0.111543988,0.420169769,0.142246,0.399724219,0.316,21.475294,0.13852379,605.8262332
273,5.37385134,0.115434,2.18810429,0.633829333,1.968669775,13.172,0.1523,0.8691,5.96743,33.3427,710,-2,0.227362895,0.021028943,0.278392279,0.045376875,0.296231251,0.316,21.475294,0.13852379,605.8262332
291,4.81536928,0.015344,1.67040371,0.22460228,0.17187933,21.1048,0.1708,0.02,5.11252,33.6361,671,-2,0.240180669,0.173682243,0.414056075,0.133359089,0.464742351,0.069,20.733236,0.17496155,585.5006463
291,5.5464584,0.02427,2.01883173,0.45173296,1.63533583,13.2615,0.149,1.0646,5.95375,33.4147,671,-2,0.240180669,0.025424634,0.337036642,0.08892922,0.30134,0.069,20.733236,0.17496155,585.5006463
333,5.03063128,0.012435,1.33281835,0.211,0.08033,17.5967,0.1611,0.1635,5.45715,33.6269,606,-1,0.17670217,0.140782966,0.449148527,0.152621765,0.38081647,0.127,18.198637,0.2232778,650.2989657
333,5.478768207,0.152872,1.38629793,0.298,0.733,14.7192,0.1847,1.1627,5.78154,33.3593,606,-1,0.17670217,0.033240997,0.397414589,0.057336867,0.392128348,0.127,18.198637,0.2232778,650.2989657
346,4.91610706,0,1.75514058,0.094684,0.039441,17.2687,0.2032,0.1049,5.49244,33.5996,598,0,0.197454756,0.230465164,0.37650642,0.23541783,0.340443796,0.111,16.358461,0.207125,809.664406
346,5.470199293,0.000743,1.74328707,0.316369,2.449733,13.6233,0.1992,1.481,5.91234,33.3249,598,0,0.197454756,0.052149497,0.37353748,0.135542169,0.319964641,0.111,16.358461,0.207125,809.664406
16,5.505010333,0.254967,2.08751763,0.332118,2.088479,13.3976,0.3576,0.4329,5.93424,33.5022,611,1,0.107119968,0.002951008,0.365089358,0.023011177,0.281094973,0.103,14.105356,0.91763157,1282.165269
16,5.4530795,0.328388,2.68162979,0.372967,2.91208,12.8209,0.4339,2.514,6.00525,33.4966,611,1,0.107119968,0.001302339,0.211691562,0.031882514,0.169543461,0.103,14.105356,0.91763157,1282.165269
44,5.429076333,0.013488,1.96633637,0.197576,0.085426,13.9365,0.4116,0.3734,5.86946,33.4983,653,2,0.115970336,0.065993,0.348312065,0.099390616,0.269633199,-0.068,14.374285,0.4023158,1242.07558
44,5.431017,0.019946,2.16186534,0.23586,0.486773,13.7467,0.3776,1.6099,5.89248,33.492,653,2,0.115970336,0.082045885,0.334540097,0.108147077,0.244396478,-0.068,14.374285,0.4023158,1242.07558
72,5.288783333,0.080569056,1.86442842,0.146219,0.014917,14.2089,0.5819,0.7669,5.83652,33.5178,709,3,0.089114048,0.004177476,0.311595745,0.017435132,0.262124323,-0.026,14.006999,0.6656,1060.897263
72,5.3224915,0.10383902,1.88973151,0.207863,0.173426,13.723,0.5576,3.1805,5.89452,33.5134,709,3,0.089114048,0.003324901,0.371413039,0.033208641,0.24618736,-0.026,14.006999,0.6656,1060.897263
114,5.423309833,0.094772012,1.95086147,0.177677,0.051711,15.7838,0.4478,0.4683,5.65416,33.5719,796,2,0.100405896,0.003697617,0.226936582,0.043647367,0.202298638,0.09,16.044231,1.1366667,2341.013543
114,5.760437833,0.119480913,1.91706168,0.323098,0.800163,13.7697,0.4131,1.3495,5.88816,33.5381,796,2,0.100405896,0.000379661,0.046915258,0.006912513,0.068785681,0.09,16.044231,1.1366667,2341.013543
142,5.296116967,0,1.28494905,0.205472,0.176663,17.8021,0.362,0.0167,5.43803,33.5591,841,1,0.077517014,0.06548176,0.476301815,0.096957041,0.375916297,0.205,18.478333,0.38955554,1150.098873
142,5.608070293,0.001622,2.74771064,0.485675,4.779723,12.7174,0.4097,1.2656,6.01984,33.442,841,1,0.077517014,0.014941235,0.304451108,0.078912218,0.182753732,0.205,18.478333,0.38955554,1150.098873
170,5.155195633,0.02124661,1.51853351,0.175988,0.856418,18.6393,0.3717,0.032,5.351,33.61,861,0,0.085451826,0.04897045,0.474234523,0.094409496,0.396130564,-0.094,19.136667,0.29735714,1054.412532
170,5.258233833,0.023355511,2.0128267,0.286952,1.330837,14.425,0.5789,0.7422,5.80971,33.5271,861,0,0.085451826,0.021390376,0.359215103,0.11797006,0.26210431,-0.094,19.136667,0.29735714,1054.412532
199,5.0890452,0.068868,1.49495353,0.199,0.0012,19.8243,0.2631,0.0677,5.23401,33.6238,846,-1,0.150761437,0.029922813,0.36335375,0.166480551,0.399571934,-0.314,20.575909,0.26544443,911.2852339
199,4.98464238,0.067252,2.87429063,0.4712,2.235,11.9079,0.4371,3.062,6.11897,33.5169,846,-1,0.150761437,0.003179515,0.080441738,0.013608634,0.029720006,-0.314,20.575909,0.26544443,911.2852339
226,5.154288447,0.038503544,1.24922362,0.199649,0.074104377,18.298,0.2901,0.1898,5.38652,33.5795,804,-2,0.151371807,0.031440489,0.377526477,0.05472103,0.29795312,-0.481,19.504286,0.32,826.0870696
226,5.420985947,0.086003088,1.59025191,0.270778,0.400389,13.2448,0.7822,2.0352,5.95228,33.4672,804,-2,0.151371807,0.015000585,0.433141908,0.066461021,0.315386053,-0.481,19.504286,0.32,826.0870696
261,5.255958027,0,0.99165258,0.190898,0.114191,18.7195,0.305,0.0799,5.34649,33.4983,733,-2,0.19226661,0.015466781,0.483421869,0.08436492,0.351586812,-0.155,20.037142,0.3141818,787.5410544
261,5.37995452,0.077005,2.44892501,0.620326,6.631883,12.2091,0.3751,2.3444,6.08452,33.4323,733,-2,0.19226661,0.023722188,0.214100982,0.139894816,0.119969948,-0.155,20.037142,0.3141818,787.5410544
288,5.154474327,0,1.09862398,0.177747,0.054334,18.6248,0.2686,0.0901,5.35259,33.5992,677,-2,0.20905179,0.019296365,0.532677131,0.084176938,0.381650755,0.115,20.058126,0.22112499,664.8575022
288,5.51194966,0.086434,1.94712932,0.440563,3.220981,13.3474,0.3404,1.8673,5.94541,33.3443,677,-2,0.20905179,0.00926784,0.41638665,0.028099984,0.365027501,0.115,20.058126,0.22112499,664.8575022
317,5.288398213,0,1.16844216,0.189374,0.035379,17.4031,0.2861,0.2597,5.47876,33.5808,626,-1,0.16052736,0.013134637,0.426305077,0.030285692,0.514666056,-0.053,18.145,0.24610527,582.5778142
317,5.617773627,0.074067,1.74990803,0.404203,2.305724,13.6447,0.254,0.8732,5.90875,33.3617,626,-1,0.16052736,0.004751358,0.401556083,0.018496635,0.373786158,-0.053,18.145,0.24610527,582.5778142
353,5.13235506,0.008575,1.20167137,0.209071,0.050129,17.129915,0.241668,0.174253,5.3638137,33.556724,596,0,0.15991699,0.083233082,0.425740289,0.172716677,0.417152279,-0.234,17.37615477,0.21133333,790.5400584
353,5.468872333,0.069808477,1.48692594,0.302944424,0.850400178,14.931671,0.370189,0.955443,5.5420011,33.331267,596,0,0.15991699,0.059404601,0.366306791,0.115247422,0.327427285,-0.234,16.91344262,0.21133333,790.5400584
15,5.139267,0.022969881,1.68884108,0.226982,0.006054,15.5998,0.2561,0.0259,5.67648,33.5222,610,1,0.168767357,0.098481121,0.46178253,0.208446764,0.338913624,-0.27,15.4873,0.20435295,657.8153836
15,5.57185196,0.065291495,2.52591929,0.388837,2.289816,14.3127,0.3293,1.9147,5.82816,33.4049,610,1,0.168767357,0.035270188,0.307011819,0.13596014,0.174045015,-0.27,15.4873,0.20435295,657.8153836
43,5.373606,0.017376391,1.43153108,0.199007,0.10147,15.5286,0.2593,-0.0047,5.68481,33.5126,651,2,0.14496292,0.074983199,0.529106791,0.164501624,0.348551087,-0.259,16.255499,0.25399998,737.2852977
43,5.624443007,0.089203262,2.39973163,0.464022,3.745393,13.9219,0.3228,1.4048,5.87411,33.4109,651,2,0.14496292,0.015039691,0.357833069,0.047794118,0.262605042,-0.259,16.255499,0.25399998,737.2852977
72,5.49651486,0.027188,1.07005679,0.1957,0.024,15.9726,0.2286,0.0072,5.63758,33.4478,709,3,0.164799951,0.035640781,0.509424728,0.144743793,0.4128745,0.018,17.215416,0.252,1494.862712
72,5.66190358,0.020975,2.16743373,0.46765,3.505501256,13.0912,0.2874,1.3001,5.97592,33.3761,709,3,0.164799951,0.041118823,0.321300304,0.105202977,0.252800895,0.018,17.215416,0.252,1494.862712
100,5.576234333,0.002889,1.53631246,0.120546,0.026638,14.6582,0.3091,0.0859,5.78458,33.5009,768,2,0.133671071,0.000107172,0.058430151,0.000535117,0.072240803,0.295,16.079615,1.0660475,1746.317304
100,4.941670267,0.183425,3.28894141,0.91892,11.25521,11.9766,0.4273,3.754,6.11286,33.4564,768,2,0.133671071,0.0008969,0.100525115,0.006157991,0.084653132,0.295,16.079615,1.0660475,1746.317304
141,5.088675633,0.032027181,1.74822436,0.138551,0.006372,17.6037,0.3277,0.0515,5.45998,33.5171,840,1,0.129093295,0.022243466,0.326144531,0.080045011,0.24156039,1.001,18.543846,0.19986664,910.2635612
141,5.481930573,0.096865031,2.54889707,0.570769,4.740568,13.9815,0.6117,1.8934,5.86547,33.4404,840,1,0.129093295,0.018644484,0.172372267,0.096472538,0.164654356,1.001,18.543846,0.19986664,910.2635612
169,4.994278,0,1.74924287,0.25774,0.0253,18.116471,0.325567,0.270363,5.3777741,33.595263,861,0,0.153813288,0.162413813,0.361551429,0.169360017,0.224368579,1.046,20.100588,0.19906665,838.8309269
169,4.817787,0.03076,2.8600833,0.1568,1.2,15.868885,0.445818,0.775481,5.2231912,33.858684,861,0,0.153813288,0.152527365,0.284463313,0.292565474,0.143479121,1.046,20.100588,0.19906665,838.8309269
198,4.794326,0.02599826,1.76404371,0.19012,0.0546,21.3594,0.1899,0.0011,5.08963,33.6299,847,-1,0.205084383,0.074129107,0.403603264,0.085002019,0.233827688,0.915,21.845,0.1371413,775.6774337
198,5.127102067,0.17343573,2.53889003,0.59192,4.83,14.203625,0.358078,1.69294,5.8079415,33.407572,847,-1,0.205084383,0.120208234,0.276984967,0.156613605,0.139915291,0.915,21.845,0.1371413,775.6774337
225,4.940573467,0,1.39372497,0.21168,0.0123,20.2561,0.2488,0.07,5.19624,33.5067,806,-2,0.180059206,0.081601197,0.406645969,0.174557738,0.296444724,0.937,22.121037,0.49940574,779.8505682
225,5.34030098,0.8253,2.33039831,0.44198,2.98,13.0772,0.4279,2.4967,5.97874,33.3444,806,-2,0.180059206,0.041705852,0.284497325,0.151058099,0.134205464,0.937,22.121037,0.49940574,779.8505682
253,4.7790988,0,1.4682875,0.19992,0.0245,23.0023,0.1783,-0.0202,4.94195,33.6701,750,-2,0.244758446,0.072045271,0.43571346,0.101841429,0.338763461,0.557,23.247883,0.2360876,665.0510591
253,5.558945253,0.0559,1.85452822,0.5635,2.79,13.1795,0.1897,0.6064,5.96885,33.2672,750,-2,0.244758446,0.023968677,0.344300942,0.092513823,0.266439192,0.557,23.247883,0.2360876,665.0510591
274,4.7021788,0.007919,1.47716696,0.19502,0.0552,21.6284,0.1718,0.0192,5.06669,33.5741,705,-3,0.296029542,0.057289153,0.432200267,0.12399515,0.494318947,0.421,22.417778,0.15208985,508.4295844
274,5.223814213,0.07143,2.00283584,0.314662926,1.2865041,15.1825,0.1723,0.3839,5.73157,33.2803,705,-3,0.296029542,0.010076328,0.285907107,0.013555081,0.146707679,0.421,22.417778,0.15208985,508.4295844
316,5.01200928,0.004334,1.15941084,0.18326,0.006,19.7498,0.1727,0.0469,5.24253,33.5825,627,-2,0.227973266,0.076448183,0.421631494,0.154097669,0.456755616,0.754,20.355524,0.15631284,531.7789352
316,5.597820227,0.05872,1.79062332,0.43414,2.19,14.6505,0.2154,1.1561,5.7925,33.2947,627,-2,0.227973266,0.038622754,0.307065868,0.100341335,0.291975944,0.754,20.355524,0.15631284,531.7789352
342,4.94604428,0,1.55697176,0.24304,0.1152,18.6528,0.1761,-0.0065,5.35314,33.5027,600,0,0.237434004,0.216444998,0.358643952,0.167554261,0.347269604,0.566,18.439499,0.20916085,500.1642529
342,5.459935147,0.03199382,1.32298846,0.42238,0.407,15.0335,0.2495,1.2986,5.74849,33.2655,600,0,0.237434004,0.045354172,0.338259452,0.116081536,0.339184598,0.566,18.439499,0.20916085,500.1642529
15,5.356785113,0,1.33387026,0.20482,0.005,16.7902,0.1772,0.0029,5.55384,33.2875,610,1,0.199591052,0.162388592,0.388534108,0.152801229,0.365840193,0.417,17.242666,0.18244933,497.0331408
15,5.697025313,0.0125,1.91177178,0.28714,0.321,14.1423,0.1912,0.9777,5.85501,33.1982,610,1,0.199591052,0.046588202,0.336422959,0.111612272,0.30817819,0.417,17.242666,0.18244933,497.0331408
49,5.562976807,0,1.3416009,0.14798,0.1049,16.4065,0.3509,0.4009,5.59548,33.2844,662,2,0.168462172,0.045017343,0.275119381,0.103067647,0.301253662,0.464,17.18875,0.332758,555.2390281
49,5.668341667,0,2.41168067,0.27832,3.24,14.4455,0.2885,1.523,5.81793,33.2506,662,2,0.168462172,0.03172024,0.238196158,0.094889863,0.234101444,0.464,17.18875,0.332758,555.2390281
71,5.367321447,0,1.18405781,0.20678,0.019,17.3051,0.1654,-0.0348,5.49695,33.3458,706,2,0.191351054,0.166869621,0.429392609,0.143814143,0.376533053,0.614,18.17068,0.15785973,654.7222484
71,5.526593453,0.0077,2.04156997,0.59682,4.3,14.2326,0.235,0.6332,5.84657,33.143,706,2,0.191351054,0.089586479,0.28831705,0.137635899,0.269825634,0.614,18.17068,0.15785973,654.7222484
112,5.65402146,0,0.92978245,0.22442,0.0634,16.9289,0.2468,0.13,5.53918,33.281,792,2,0.158696249,0.023517851,0.352385878,0.080829904,0.30614932,0.916,17.397501,0.30645198,1019.866993
112,5.635722413,0.2589,2.1495985,0.36554,0.861,14.2906,0.254,0.8293,5.83533,33.27,792,2,0.158696249,0.006526706,0.248449907,0.041695334,0.255719372,0.916,17.397501,0.30645198,1019.866993
140,5.518160593,0,0.92893088,0.25284,0.008,17.9937,0.1748,-0.0038,5.42618,33.3177,839,2,0.170598468,0.016150064,0.373503933,0.091232918,0.344419172,1.583,17.795938,0.21808088,1035.434078
140,5.107407987,0.055,3.10838679,0.86436,8.71,12.0496,0.2286,1.1248,6.11138,33.258,839,2,0.170598468,0.009906859,0.284615491,0.062222744,0.200917605,1.583,17.795938,0.21808088,1035.434078
168,5.407956347,0,1.02655876,0.2303,0.0477,18.7941,0.1757,0.0887,5.34248,33.392,861,0,0.189825129,0.026538025,0.397750299,0.053625308,0.396738426,2.097,19.565454,0.26798952,1004.893161
168,5.206849613,0.2122,2.84140133,0.78792,7.28,13.1966,0.1702,0.6925,5.96713,33.2442,861,0,0.189825129,0.009352261,0.25129428,0.04596995,0.248200334,2.097,19.565454,0.26798952,1004.893161
195,5.269643133,0,1.12035763,0.12642,0.142,20.1677,0.2316,0.0512,5.20818,33.3928,850,-1,0.233161412,0.06759058,0.395917239,0.145737341,0.312050513,1.981,21.710999,0.3106849,802.1737547
195,5.406187247,0.3121,2.82535327,0.63308,2.37,12.7791,0.2876,1.695,6.01735,33.302,850,-1,0.233161412,0.003586252,0.181533562,0.027088205,0.112112992,1.981,21.710999,0.3106849,802.1737547
217,4.723578333,0,1.62467596,0.16464,0.018,22.1605,0.1763,-0.0123,5.02153,33.4811,820,-2,0.25940733,0.126911839,0.370425194,0.182772069,0.308249688,2.334,23.320833,0.21879248,629.6459467
217,5.284326173,0,1.91435452,0.33026,2,14.3401,0.312,1.4155,5.83143,33.2169,820,-2,0.25940733,0.114895616,0.359221512,0.252761003,0.257222132,2.334,23.320833,0.21879248,629.6459467
252,4.675077333,0,1.64243025,0.37534,0.016,22.3551,0.1975,-0.0043,5.00351,33.5039,752,-2,0.305795465,0.190517385,0.382177441,0.244658892,0.302920838,2.479,24.1095,0.21804269,564.5539107
252,5.397427687,0,2.22627963,0.43708,1.09,14.2427,0.4083,2.5077,5.84494,33.1536,752,-2,0.305795465,0.056145622,0.309411166,0.104933955,0.196911422,2.479,24.1095,0.21804269,564.5539107
280,4.736923,0,1.56775172,0.19306,0.121258,21.320827,0.194712,0.054211,5.0636671,33.538453,693,-2,0.336619159,0.190643087,0.41836813,0.204888352,0.384429692,2.201,23.713999,0.2248203,508.7748218
280,5.016294,0.00881905,1.27365924,0.199475253,0.134900131,20.046675,0.200169,0.087792,5.1650608,33.477938,693,-2,0.336619159,0.118659936,0.425680603,0.168789683,0.39766905,2.201,23.713999,0.2248203,508.7748218
352,5.42279972,0.034892322,1.14710945,0.319,0.0599,16.617986,0.27201,0.598583,5.2087249,33.317096,596,0,0.312814722,0.062415328,0.379194888,0.108432883,0.376291792,2.12,18.211248,0.5484284,740.8908222
335,5.529387573,0.020099009,0.97152969,0.189,0.1319,17.836926,0.314786,0.30816,5.1913851,33.391666,596,0,0.312814722,0.068494938,0.417841415,0.113099697,0.36992145,2.12,18.211248,0.5484284,740.8908222
19,5.68604158,0,1.72597948,0.2891,0.0408,14.92949,0.307797,1.043696,5.6577244,33.332399,614,1,0.180059206,0.005756018,0.32055957,0.018834193,0.314984201,2.216,16.517498,0.51472557,842.8444009
19,5.613718947,0.0852,1.73512994,0.31654,0.077795,14.617215,0.328623,1.132325,5.7380719,33.329886,614,1,0.180059206,0.005515692,0.326394928,0.010066779,0.296023124,2.216,16.517498,0.51472557,842.8444009
48,5.533997173,0.1748,1.60472453,0.237,0.0175,16.379839,0.314509,0.498022,5.3550611,33.323383,660,2,0.210577715,0.035936926,0.402765994,0.075692232,0.430776771,2.17,17.101,0.8785961,915.6082131
48,5.674357667,0.0921,1.83367826,0.35868,0.76208,15.454171,0.495388,0.95186,5.3776877,33.215552,660,2,0.210577715,0.027181902,0.355058918,0.070075441,0.333224835,2.17,17.101,0.8785961,915.6082131
76,5.70416406,0.0584,1.33634226,0.26656,0.00797,15.953517,0.332509,0.48766,5.3997837,33.403146,717,2,0.201116977,0.019012431,0.556701381,0.074372456,0.372625509,1.963,16.45375,0.824842,1255.828174
76,5.831390393,0,1.19961204,0.25774,0.29462,15.5048,0.36992,0.639002,5.4402949,33.35087,717,2,0.201116977,0.01453621,0.438661105,0.022807829,0.352904916,1.963,16.45375,0.824842,1255.828174
104,5.719724167,0,1.94290495,0.3087,0.10009,15.0905485,0.538045,0.886585,5.5080046,33.372207,776,2,0.073854793,0.008598681,0.393106589,0.050122044,0.171576467,2.094,17.657501,0.7381479,1157.954041
104,5.604396167,0.1639,2.17293019,0.56742,3.7648,13.8991935,0.613265,1.18752,5.5738584,33.375565,776,2,0.073854793,0.004249502,0.299577576,0.021570319,0.238244176,2.094,17.657501,0.7381479,1157.954041
139,5.177514593,0.069532005,2.40505414,0.3577,0.048836,15.073872,0.48127,1.407798,5.633755,33.509765,837,1,0.100711081,0.032052778,0.336958623,0.062221049,0.139002031,1.752,18.249998,0.336252,1752.417548
139,4.254432447,0.1099,3.76467895,0.9604,9.7216,13.172695,0.903647,2.440639,4.0782503,33.436921,837,1,0.100711081,0.013563845,0.248512933,0.065410578,0.150913302,1.752,18.249998,0.336252,1752.417548
167,5.200299333,0.051744882,1.87989215,0.24598,0.011988,17.7961,0.2781,0.417,5.6416,33.5839,861,1,0.141605884,0.025647817,0.411042441,0.06027033,0.16965131,1.053,20.147352,0.5499587,1631.776505
167,5.259796767,0,2.28434414,0.32928,0.14994,15.3905,0.6105,4.07,5.7084,33.5557,861,1,0.141605884,0.041259439,0.362292584,0.088371746,0.153457149,1.053,20.147352,0.5499587,1631.776505
194,4.861772667,0.043102429,2.42095549,0.19796,0.047268,20.7342,0.2217,0.366,5.1806,33.6037,851,-1,0.168156987,0.099282332,0.350441698,0.119498828,0.192776255,0.352,21.881762,0.4443114,1358.428673
194,5.027602,0.0849,1.92013815,0.35868,0.057526,15.3849,0.1567,0.562,5.9629,33.462,851,-1,0.168156987,0.086089806,0.288587113,0.105990783,0.214519468,0.352,21.881762,0.4443114,1358.428673
223,4.8630316,0.034296286,1.93749461,0.16072,0.0733458,22.5021,0.1153,0.22,4.8531,33.5496,810,-1,0.212714011,0.088534654,0.440603122,0.082814778,0.310919888,0.167,22.879107,3.099472,1250.890684
223,5.47117068,0.122609484,1.87395991,0.3185,0.41454,14.3546,0.2319,1.94,5.8969,33.4077,810,-1,0.212714011,0.044884463,0.306775671,0.059681987,0.264987052,0.167,22.879107,3.099472,1250.890684
279,5.078712933,0.00871997,1.14957518,0.19796,0.014324,20.6362,0.1655,0.291,5.0507,33.4664,695,-2,0.199591052,0.063299925,0.44439166,0.091346206,0.367362155,-0.385,21.166843,0.633161,1001.996779
279,5.450424933,0.037844031,1.48635646,0.27538,0.13132,14.2243,0.2468,1.89,5.4092,33.3443,695,-2,0.199591052,0.056486465,0.385071237,0.133596729,0.341434281,-0.385,21.166843,0.633161,1001.996779
335,5.573783773,0.058799921,1.26639686,0.245,0.0015,16.1092,0.2488,0.707,5.2124,33.335,605,-1,0.16052736,0.04131809,0.40655556,0.071010321,0.258621703,-0.209,19.624739,0.5238077,992.7663461
335,5.556387493,0.041692111,1.18203694,0.209,0.0898,16.0176,0.2326,1.03,5.1768,33.3335,605,-1,0.16052736,0.045765916,0.413235218,0.077032331,0.294261956,-0.209,19.624739,0.5238077,992.7663461
349,5.280772467,0,1.4027601,0.16,0,16.6365,0.1338,0.22,5.2541,33.4048,597,0,0.19348735,0.180123381,0.352370484,0.096209378,0.293612778,-0.11,16.278078,0.73362476,1209.236285
349,5.22524108,0,1.72311211,0.25,0.06,15.455,0.2263,1.44,5.0023,33.384,597,0,0.19348735,0.121534772,0.326610077,0.116168142,0.299780813,-0.11,16.278078,0.73362476,1209.236285
347,5.02329328,0.457873053,1.95378631,0.055037416,0.13032191,16.5479,0.519312,0.8939,5.5643,33.4917,597,-1,0.189825129,0.018222116,0.281135779,0.063825731,0.204537871,-0.576,17.729286,1.0278138,946.032819
347,5.05420878,1.109406907,1.85937862,0.150300083,0.363571549,16.1324,0.555444,0.9097,5.3359,33.4542,597,-1,0.189825129,0.01467181,0.248769313,0.056111373,0.226026428,-0.576,17.729286,1.0278138,946.032819
17,5.065682113,0,2.28963948,1.009411938,0.00424163,16.3721,0.467771,0.1,5.4524,33.5213,612,1,0.191961424,0.115846244,0.241666465,0.077227723,0.30853781,-0.623,16.48,1.1474751,939.4993695
17,5.545745333,0,2.67393847,3.972933861,4.781691734,14.3761,0.730024,1.5161,4.7664,33.4078,612,1,0.191961424,0.054981815,0.150029918,0.044489453,0.298157865,-0.623,16.48,1.1474751,939.4993695
45,4.9322408,0.071823022,2.53489815,0.11274087,0.00424163,16.1142,0.488946,0.0476,5.4824,33.5265,655,2,0.151982177,0.056804146,0.301795333,0.093928901,0.208080407,-0.731,16.56611,0.29486966,717.7157707
45,5.197288667,0.085105478,2.41949222,0.223478594,0.773593902,13.8007,0.713969,1.0034,4.794,33.4263,655,2,0.151982177,0.021213708,0.279621942,0.034962602,0.168481475,-0.731,16.56611,0.29486966,717.7157707
108,5.504853833,0.019790442,2.40895141,0.502615188,5.126977921,13.1548,0.764379,1.0149,5.4342,33.5942,784,2,0.070192572,0.007457765,0.31669284,0.032438943,0.196211995,-0.432,15.256666,1.3505518,1976.342735
108,5.0410172,0.093009034,2.76317961,0.576603762,5.882541726,13.033,0.830666,3.4425,5.3371,33.5961,784,2,0.070192572,0.00892644,0.306124403,0.030849441,0.19541015,-0.432,15.256666,1.3505518,1976.342735
136,4.979350267,0.050563374,2.04555625,0.078769548,0.00424163,16.4948,0.488068,0.1642,5.7693,33.6243,833,1,0.099795526,0.011304897,0.367967006,0.078748831,0.233419931,0.465,17.096998,0.43303984,1293.906836
136,5.26089968,0.055614911,2.13995686,0.532060394,5.447713921,15.2622,0.554507,0.9422,5.7689,33.5955,833,1,0.099795526,0.032577596,0.301945696,0.089745895,0.233519118,0.465,17.096998,0.43303984,1293.906836
164,4.883844247,0.044511625,2.16083192,0.055391811,0.00424163,18.6821,0.499328,0.1328,5.2561,33.6767,860,1,0.136722922,0.106589047,0.344462213,0.128298589,0.205117963,0.469,19.648748,0.6500207,1544.349314
164,4.648765267,0.156645125,3.39425498,0.374622651,0.466150378,13.0528,0.749858,7.4124,5.0603,33.5518,860,1,0.136722922,0.009115037,0.259049747,0.057222189,0.121355707,0.469,19.648748,0.6500207,1544.349314